{
  "summary": {
    "successRate": 1.0,
    "total": 10.001563666,
    "slowest": 0.21624243,
    "fastest": 0.063260526,
    "average": 0.06665403949765897,
    "requestsPerSec": 150.476470505927,
    "totalData": 919425,
    "sizePerRequest": 615,
    "sizePerSec": 91928.1255115694
  },
  "responseTimeHistogram": {
    "0.063260526": 1,
    "0.07855871639999999": 1482,
    "0.0938569068": 2,
    "0.1091550972": 0,
    "0.12445328759999999": 0,
    "0.13975147799999998": 0,
    "0.1550496684": 0,
    "0.1703478588": 0,
    "0.1856460492": 0,
    "0.20094423960000002": 6,
    "0.21624242999999999": 4
  },
  "latencyPercentiles": {
    "p10": 0.064450088,
    "p25": 0.065206582,
    "p50": 0.065673611,
    "p75": 0.066279213,
    "p90": 0.06680238,
    "p95": 0.06750249,
    "p99": 0.073761391,
    "p99.9": 0.21536063,
    "p99.99": 0.21624243
  },
  "responseTimeHistogramSuccessful": {
    "0.063260526": 1,
    "0.07855871639999999": 1482,
    "0.0938569068": 2,
    "0.1091550972": 0,
    "0.12445328759999999": 0,
    "0.13975147799999998": 0,
    "0.1550496684": 0,
    "0.1703478588": 0,
    "0.1856460492": 0,
    "0.20094423960000002": 6,
    "0.21624242999999999": 4
  },
  "latencyPercentilesSuccessful": {
    "p10": 0.064450088,
    "p25": 0.065206582,
    "p50": 0.065673611,
    "p75": 0.066279213,
    "p90": 0.06680238,
    "p95": 0.06750249,
    "p99": 0.073761391,
    "p99.9": 0.21536063,
    "p99.99": 0.21624243
  },
  "responseTimeHistogramNotSuccessful": {
    "NaN": 0
  },
  "latencyPercentilesNotSuccessful": {
    "p10": null,
    "p25": null,
    "p50": null,
    "p75": null,
    "p90": null,
    "p95": null,
    "p99": null,
    "p99.9": null,
    "p99.99": null
  },
  "rps": {
    "mean": 473.23564185731794,
    "stddev": 1472.7062143789326,
    "max": 32247.66204467705,
    "min": 5.187601785286179,
    "percentiles": {
      "p10": 47.32203872996482,
      "p25": 71.19317627644017,
      "p50": 192.58950260100036,
      "p75": 421.07847249995336,
      "p90": 848.1577166237419,
      "p95": 1489.254285701451,
      "p99": 4668.534080331502,
      "p99.9": 32247.66204467705,
      "p99.99": 32247.66204467705
    }
  },
  "details": {
    "DNSDialup": {
      "average": 0.1344795509,
      "fastest": 0.128879529,
      "slowest": 0.150577573
    },
    "DNSLookup": {
      "average": 0.0005422583,
      "fastest": 0.00015375,
      "slowest": 0.000892393
    }
  },
  "statusCodeDistribution": {
    "200": 1495
  },
  "errorDistribution": {
    "aborted due to deadline": 10
  }
}