{
  "summary": {
    "successRate": 1.0,
    "total": 30.004959394,
    "slowest": 0.284448567,
    "fastest": 0.061721124,
    "average": 0.06639430034085328,
    "requestsPerSec": 753.5754240854415,
    "totalData": 13875015,
    "sizePerRequest": 615,
    "sizePerSec": 462424.05523050117
  },
  "responseTimeHistogram": {
    "0.061721124": 1,
    "0.0839938683": 22479,
    "0.1062666126": 29,
    "0.1285393569": 2,
    "0.1508121012": 0,
    "0.17308484549999997": 0,
    "0.1953575898": 6,
    "0.2176303341": 23,
    "0.23990307839999997": 13,
    "0.2621758227": 7,
    "0.284448567": 1
  },
  "latencyPercentiles": {
    "p10": 0.063507013,
    "p25": 0.064700117,
    "p50": 0.065779339,
    "p75": 0.066678369,
    "p90": 0.068177408,
    "p95": 0.071218591,
    "p99": 0.076452022,
    "p99.9": 0.217351163,
    "p99.99": 0.256546305
  },
  "rps": {
    "mean": 791.711418928652,
    "stddev": 483.2620376671424,
    "max": 4981.634374602023,
    "min": 5.256158627923942,
    "percentiles": {
      "p10": 206.73744943463578,
      "p25": 443.0563325451229,
      "p50": 741.260721409806,
      "p75": 1066.5204822594228,
      "p90": 1368.681073220469,
      "p95": 1600.6089997121942,
      "p99": 2150.201397076429,
      "p99.9": 4685.270313326282,
      "p99.99": 4981.634374602023
    }
  },
  "details": {
    "DNSDialup": {
      "average": 0.15221919918,
      "fastest": 0.126063976,
      "slowest": 0.217287753
    },
    "DNSLookup": {
      "average": 0.00070225312,
      "fastest": 0.000200342,
      "slowest": 0.00331899
    }
  },
  "statusCodeDistribution": {
    "200": 22561
  },
  "errorDistribution": {
    "aborted due to deadline": 50
  }
}