{
  "summary": {
    "successRate": 0.87,
    "total": 5.005289403,
    "slowest": 0.51840415,
    "fastest": 0.063328884,
    "average": 0.12064416252873567,
    "requestsPerSec": 39.95772949314915,
    "totalData": 107010,
    "sizePerRequest": 615,
    "sizePerSec": 21379.383165309453
  },
  "responseTimeHistogram": {
    "0.063328884": 1,
    "0.10883641059999999": 133,
    "0.1543439372": 15,
    "0.1998514638": 1,
    "0.24535899039999998": 5,
    "0.290866517": 5,
    "0.3363740436": 5,
    "0.3818815701999999": 2,
    "0.4273890967999999": 4,
    "0.47289662339999994": 1,
    "0.51840415": 2
  },
  "latencyPercentiles": {
    "p10": 0.066072886,
    "p25": 0.073040205,
    "p50": 0.086385662,
    "p75": 0.104212471,
    "p90": 0.265337901,
    "p95": 0.372385828,
    "p99": 0.478612698,
    "p99.9": 0.51840415,
    "p99.99": 0.51840415
  },
  "rps": {
    "mean": 1398.0561831458326,
    "stddev": 6572.750863960582,
    "max": 42041.537038646966,
    "min": 4.721657042497378,
    "percentiles": {
      "p10": 53.34055066544214,
      "p25": 99.85180992888513,
      "p50": 238.24703549213723,
      "p75": 432.7228479394642,
      "p90": 934.320681904608,
      "p95": 1141.7918658747426,
      "p99": 42041.537038646966,
      "p99.9": 42041.537038646966,
      "p99.99": 42041.537038646966
    }
  },
  "details": {
    "DNSDialup": {
      "average": 0.22260367579166668,
      "fastest": 0.136809226,
      "slowest": 0.422118702
    },
    "DNSLookup": {
      "average": 0.0010145140000000002,
      "fastest": 0.000202647,
      "slowest": 0.003498713
    }
  },
  "statusCodeDistribution": {
    "200": 174
  },
  "errorDistribution": {
    "timeout": 26
  }
}